Keyword,Landing Page
agencia de diseño web cancun,https://jegodigital.com/diseno-web.html
diseño web playa del carmen,https://jegodigital.com/diseno-web.html
diseño web tulum,https://jegodigital.com/diseno-web.html
agencia de marketing inmobiliario,https://jegodigital.com/marketing-realestate.html
real estate marketing cancun,https://jegodigital.com/marketing-realestate.html
marketing inmobiliario playa del carmen,https://jegodigital.com/marketing-realestate.html
chatbots para ventas,https://jegodigital.com/lumiere.html
inteligencia artificial empresas,https://jegodigital.com/lumiere.html
asistentes virtuales ia,https://jegodigital.com/lumiere.html
automatizacion whatsapp cancun,https://jegodigital.com/desarrollo-apps.html
agencia de diseño,https://jegodigital.com/diseno-web.html
agencia de diseño web,https://jegodigital.com/diseno-web.html
agencia de marketing playa del carmen,https://jegodigital.com/diseno-web.html
agencias de marketing en playa del carmen,https://jegodigital.com/diseno-web.html
publicidad en playa del carmen,https://jegodigital.com/
diseño de paginas web en playa del carmen,https://jegodigital.com/diseno-web.html
agencia de marketing tulum,https://jegodigital.com/diseno-web.html
marketing inmobiliario tulum,https://jegodigital.com/marketing-realestate.html
automatizar mensajes en whatsapp,https://jegodigital.com/desarrollo-apps.html
inteligencia artificial en empresas,https://jegodigital.com/lumiere.html
automatizacion whatsapp,https://jegodigital.com/desarrollo-apps.html
ia para empresas,https://jegodigital.com/
inteligencia artificial ibm,https://jegodigital.com/lumiere.html
ia en empresas,https://jegodigital.com/
ia en las empresas,https://jegodigital.com/
ia empresarial,https://jegodigital.com/
inteligencia artificial para empresas,https://jegodigital.com/lumiere.html
ia empresas,https://jegodigital.com/
apple inteligencia artificial,https://jegodigital.com/desarrollo-apps.html
ia en los negocios,https://jegodigital.com/desarrollo-apps.html
automatizacion de whatsapp business,https://jegodigital.com/desarrollo-apps.html
automatizar mensajes de whatsapp,https://jegodigital.com/desarrollo-apps.html
automatización de whatsapp,https://jegodigital.com/desarrollo-apps.html
inteligencia artificial en empresas ejemplos,https://jegodigital.com/lumiere.html
automatizacion de mensajes en whatsapp,https://jegodigital.com/desarrollo-apps.html
automatizar respuestas en whatsapp,https://jegodigital.com/desarrollo-apps.html
inteligencia artificial empresarial,https://jegodigital.com/lumiere.html
inteligencia artificial en negocios,https://jegodigital.com/desarrollo-apps.html
desarrollo de aplicativos moviles,https://jegodigital.com/desarrollo-apps.html
desarrollo de una app,https://jegodigital.com/desarrollo-apps.html
creación de apps,https://jegodigital.com/desarrollo-apps.html
diseño de apps,https://jegodigital.com/desarrollo-apps.html
creación de aplicaciones,https://jegodigital.com/desarrollo-apps.html
diseño de una aplicacion movil,https://jegodigital.com/desarrollo-apps.html
diseño apps,https://jegodigital.com/desarrollo-apps.html
desarrolla aplicaciones móviles para android,https://jegodigital.com/desarrollo-apps.html
apps para crear aplicaciones,https://jegodigital.com/desarrollo-apps.html
crear aplicacion movil,https://jegodigital.com/desarrollo-apps.html
creacion de aplicaciones moviles,https://jegodigital.com/desarrollo-apps.html
crear aplicación móvil,https://jegodigital.com/
desarrolla aplicaciones móviles para ios,https://jegodigital.com/desarrollo-apps.html
crear una aplicación móvil,https://jegodigital.com/
desarrollar android,https://jegodigital.com/desarrollo-apps.html
desarrollo multiplataforma movil,https://jegodigital.com/desarrollo-apps.html
diseño de apps moviles,https://jegodigital.com/desarrollo-apps.html
creamos tu app,https://jegodigital.com/desarrollo-apps.html
desarrollo de app movil,https://jegodigital.com/desarrollo-apps.html
desarrollo de apps en mexico,https://jegodigital.com/desarrollo-apps.html
diseño de app movil,https://jegodigital.com/desarrollo-apps.html
app para crear dos usuarios en android,https://jegodigital.com/desarrollo-apps.html
diseños de apps moviles,https://jegodigital.com/desarrollo-apps.html
desarrollar una app,https://jegodigital.com/desarrollo-apps.html
marketing inmobiliario,https://jegodigital.com/marketing-realestate.html
agencias de marketing en cancun,https://jegodigital.com/diseno-web.html
agencia de marketing en cancun,https://jegodigital.com/diseno-web.html
agencia de marketing digital cancun,https://jegodigital.com/diseno-web.html
marketing digital inmobiliario,https://jegodigital.com/marketing-realestate.html
marketing inmobiliario digital,https://jegodigital.com/marketing-realestate.html
agencia de marketing digital en cancun,https://jegodigital.com/diseno-web.html
agencias de marketing digital cancun,https://jegodigital.com/diseno-web.html
estrategias inmobiliarias,https://jegodigital.com/
publicidad de inmobiliarias,https://jegodigital.com/
marketing digital cancun,https://jegodigital.com/
agencia seo cancun,https://jegodigital.com/diseno-web.html
agencias de marketing inmobiliario,https://jegodigital.com/marketing-realestate.html
publicidad inmobiliaria creativa,https://jegodigital.com/
agencia de marketing digital en cancún,https://jegodigital.com/diseno-web.html
agencia seo en cancun,https://jegodigital.com/diseno-web.html
estrategia de venta inmobiliaria,https://jegodigital.com/
marketing para inmobiliarias,https://jegodigital.com/
mkt inmobiliario,https://jegodigital.com/marketing-realestate.html
agencia de desarrollo web,https://jegodigital.com/diseno-web.html
agencia de posicionament web,https://jegodigital.com/diseno-web.html
desarrollo web playa del carmen,https://jegodigital.com/diseno-web.html
diseño de paginas web en cancun,https://jegodigital.com/diseno-web.html
paginas web cancun,https://jegodigital.com/diseno-web.html
agencia de marketing digital y diseño web,https://jegodigital.com/diseno-web.html
mejores agencias de diseño web,https://jegodigital.com/diseno-web.html
servicios agencia de diseño web,https://jegodigital.com/desarrollo-apps.html
web design agency tulum,https://jegodigital.com/diseno-web.html
agencia web design agency tulum,https://jegodigital.com/diseno-web.html
posicionamiento web google,https://jegodigital.com/diseno-web.html
agencia posicionamiento web google,https://jegodigital.com/diseno-web.html
servicios seo local quintana roo,https://jegodigital.com/desarrollo-apps.html
lead generation real estate,https://jegodigital.com/marketing-realestate.html
agencia lead generation real estate,https://jegodigital.com/marketing-realestate.html
